<Bindings>
    <Binding name="NAG_TOGGLE_DEBUG_FRAME" category="Next Action Guide">
        NAG:GetModule("APLMonitor"):Toggle()
    </Binding>
    <Binding name="NAG_NEXT_ROTATION" category="Next Action Guide">
        NAG:GetClassModule():CycleRotation("next")
    </Binding>
    <Binding name="NAG_PREV_ROTATION" category="Next Action Guide">
        NAG:GetClassModule():CycleRotation("prev")
    </Binding>
    <Binding name="NAG_TOGGLE_ROTATION_MANAGER" category="Next Action Guide">
        NAG:GetModule("RotationManager"):Toggle()
    </Binding>
    <Binding name="NAG_TOGGLE_AOE_OVERRIDE" category="Next Action Guide">
        NAG:GetModule("TTDManager"):ToggleSingleTargetOverride()
    </Binding>
    <Binding name="NAG_TAKE_SNAPSHOT" category="Next Action Guide">
        NAG:GetModule("SnapshotManager"):TakeSnapshot("keybind")
    </Binding>
</Bindings>
