<?xml version="1.0" encoding="utf-8"?>
<Ui xmlns:xsi="http://www.w3.org/2001/XMLSchema-instance" xmlns="http://www.blizzard.com/wow/ui/" xsi:schemaLocation="http://www.blizzard.com/wow/ui/
..\FrameXML\UI.xsd">
    <!-- Core Libraries -->
    <Include file="Libs\Ace3.xml"/>
    <Script file="Libs\LibCompress\LibCompress.lua"/>
    <Script file="Libs\LibDataBroker-1.1\LibDataBroker-1.1.lua"/>
    <Script file="Libs\LibDBIcon-1.0\LibDBIcon-1.0.lua"/>
    <Script file="Libs\LibRangeCheck-3.0\LibRangeCheck-3.0.lua"/>
    <Script file="Libs\LibSharedMedia-3.0\LibSharedMedia-3.0.lua"/>
    <Script file="Libs\LibCustomGlow-1.0\LibCustomGlow-1.0.lua"/>
    <Script file="Libs\LibBase64-1.0\LibBase64-1.0.lua"/>
    <Script file="Libs\LibUIDropDownMenu-4.0\LibUIDropDownMenu.lua"/>
    <Include file="Libs\LibJSON-1.0\lib.xml"/>
    <Include file="Libs\AceGUI-3.0-SharedMediaWidgets\widget.xml"/>

    <!-- Embedded Libraries -->
    <Script file="Libs\ForAllIndentsAndPurposes.lua"/>
</Ui>
