<Ui xmlns="http://www.blizzard.com/wow/ui/" xmlns:xsi="http://www.w3.org/2001/XMLSchema-instance" xsi:schemaLocation="http://www.blizzard.com/wow/ui/
..\FrameXML\UI.xsd">
    <Script file="MistsConstants.lua"/>
    <Script file="MistsCommon.lua"/>
    <Script file="MistsWeakAuras.lua"/>
    <Script file="MistsAtlasInfo.lua"/>
    <Script file="Classes/DeathKnight.lua"/>
    <Script file="Classes/Druid.lua"/>
    <Script file="Classes/Hunter.lua"/>
    <Script file="Classes/Mage.lua"/>
    <Script file="Classes/Monk.lua"/>
    <Script file="Classes/Paladin.lua"/>
    <Script file="Classes/Priest.lua"/>
    <Script file="Classes/Rogue.lua"/>
    <Script file="Classes/Shaman.lua"/>
    <Script file="Classes/Warlock.lua"/>
    <Script file="Classes/Warrior.lua"/>
    <Script file="modules/HealingDispelManager.lua"/>
    <Script file="modules/HealingStateManager.lua"/>
</Ui>
